engine_id,dimension,level,M1_cer_n1,M2_cer_n0,M3_cer_n2,M4_cer_nows,M5_wer,M6_line_exact,M7_numeric_acc,M8_detection,M9_bow_f1,M1_cer_n1_no_icon_insertions,n_images,n_units,n_gt_lines,ref_chars_n1,edits_n1,engine_failures
doctr,dpr@V00,desktop:1,0.022489539748953975,0.022489539748953975,0.021182008368200837,0.022136953955135773,0.10317460317460317,0.784,0.9671052631578947,"{""0.3"": {""f1"": 0.8125, ""precision"": 0.9191919191919192, ""recall"": 0.728}, ""0.5"": {""f1"": 0.5982142857142857, ""precision"": 0.6767676767676768, ""recall"": 0.536}, ""0.7"": {""f1"": 0.1964285714285714, ""precision"": 0.2222222222222222, ""recall"": 0.176}}",0.913459610529209,0.022228033472803346,4,197,250,3824,86,0
doctr,dpr@V00,desktop:1.5,0.021705020920502093,0.021705020920502093,0.020135983263598327,0.020070838252656435,0.10634920634920635,0.78,0.9802631578947368,"{""0.3"": {""f1"": 0.796420581655481, ""precision"": 0.9035532994923858, ""recall"": 0.712}, ""0.5"": {""f1"": 0.5995525727069351, ""precision"": 0.6802030456852792, ""recall"": 0.536}, ""0.7"": {""f1"": 0.12975391498881433, ""precision"": 0.14720812182741116, ""recall"": 0.116}}",0.9089835005640231,0.021443514644351465,4,197,250,3824,83,0
doctr,dpr@V00,desktop:2,0.019351464435146442,0.019351464435146442,0.016736401673640166,0.01829988193624557,0.08253968253968254,0.812,0.9802631578947368,"{""0.3"": {""f1"": 0.7857142857142856, ""precision"": 0.8888888888888888, ""recall"": 0.704}, ""0.5"": {""f1"": 0.5401785714285715, ""precision"": 0.6111111111111112, ""recall"": 0.484}, ""0.7"": {""f1"": 0.1294642857142857, ""precision"": 0.14646464646464646, ""recall"": 0.116}}",0.9356195445510328,0.019089958158995817,4,197,250,3824,74,0
doctr,dpr@V00,mobile:1,0.011627906976744186,0.010981912144702842,0.011627906976744186,0.008797653958944282,0.041379310344827586,0.9056603773584906,0.9423076923076923,"{""0.3"": {""f1"": 1.0, ""precision"": 1.0, ""recall"": 1.0}, ""0.5"": {""f1"": 1.0, ""precision"": 1.0, ""recall"": 1.0}, ""0.7"": {""f1"": 0.839622641509434, ""precision"": 0.839622641509434, ""recall"": 0.839622641509434}}",0.9714819886243944,0.011627906976744186,4,106,106,1548,18,0
doctr,dpr@V00,mobile:2,0.0071059431524547806,0.0071059431524547806,0.0071059431524547806,0.005865102639296188,0.027586206896551724,0.9245283018867925,1.0,"{""0.3"": {""f1"": 1.0, ""precision"": 1.0, ""recall"": 1.0}, ""0.5"": {""f1"": 1.0, ""precision"": 1.0, ""recall"": 1.0}, ""0.7"": {""f1"": 0.8301886792452831, ""precision"": 0.8301886792452831, ""recall"": 0.8301886792452831}}",0.9793952784634206,0.0071059431524547806,4,106,106,1548,11,0
doctr,dpr@V00,mobile:3,0.007751937984496124,0.0071059431524547806,0.007751937984496124,0.005865102639296188,0.027586206896551724,0.9245283018867925,1.0,"{""0.3"": {""f1"": 1.0, ""precision"": 1.0, ""recall"": 1.0}, ""0.5"": {""f1"": 1.0, ""precision"": 1.0, ""recall"": 1.0}, ""0.7"": {""f1"": 0.7547169811320754, ""precision"": 0.7547169811320755, ""recall"": 0.7547169811320755}}",0.9806898861410069,0.007751937984496124,4,106,106,1548,12,0
doctr,theme@V00,dark,0.01737403822288409,0.01737403822288409,0.016381236038719285,0.01655443322109989,0.0782608695652174,0.8333333333333334,0.9771241830065359,"{""0.3"": {""f1"": 0.8626262626262626, ""precision"": 0.9364035087719298, ""recall"": 0.799625468164794}, ""0.5"": {""f1"": 0.7151515151515152, ""precision"": 0.7763157894736842, ""recall"": 0.6629213483146067}, ""0.7"": {""f1"": 0.3575757575757576, ""precision"": 0.3881578947368421, ""recall"": 0.33146067415730335}}",0.9460539426498632,0.017001737403822288,12,456,534,8058,140,0
doctr,theme@V00,light,0.017870439314966492,0.017622238768925293,0.016257135765698684,0.016133557800224466,0.07536231884057971,0.8258426966292135,0.9771241830065359,"{""0.3"": {""f1"": 0.8634984833164813, ""precision"": 0.9384615384615385, ""recall"": 0.799625468164794}, ""0.5"": {""f1"": 0.7138523761375125, ""precision"": 0.7758241758241758, ""recall"": 0.6610486891385767}, ""0.7"": {""f1"": 0.3680485338725985, ""precision"": 0.4, ""recall"": 0.3408239700374532}}",0.9504893269744991,0.017870439314966492,12,453,534,8058,144,0
doctr,variant,V00,0.017622238768925293,0.017498138495904692,0.016319185902208985,0.016343995510662176,0.07681159420289856,0.8295880149812734,0.9771241830065359,"{""0.3"": {""f1"": 0.8630621526023243, ""precision"": 0.9374313940724479, ""recall"": 0.799625468164794}, ""0.5"": {""f1"": 0.7145022738756948, ""precision"": 0.7760702524698134, ""recall"": 0.6619850187265918}, ""0.7"": {""f1"": 0.36280949974734716, ""precision"": 0.3940724478594951, ""recall"": 0.33614232209737827}}",0.9482716348121811,0.01743608835939439,24,909,1068,16116,284,0
doctr,variant,V02,0.01726493603279096,0.01720283194634207,0.015836542044466526,0.016133557800224466,0.07427536231884058,0.8342696629213483,0.9787581699346405,"{""0.3"": {""f1"": 0.8734939759036144, ""precision"": 0.9415584415584416, ""recall"": 0.8146067415730337}, ""0.5"": {""f1"": 0.7289156626506025, ""precision"": 0.7857142857142857, ""recall"": 0.6797752808988764}, ""0.7"": {""f1"": 0.35843373493975905, ""precision"": 0.38636363636363635, ""recall"": 0.3342696629213483}}",0.9497505391924633,0.017078623773444292,24,922,1068,16102,278,0
doctr,variant,V03,0.01743608835939439,0.01737403822288409,0.015822784810126583,0.016203703703703703,0.07608695652173914,0.8286516853932584,0.9754901960784313,"{""0.3"": {""f1"": 0.8645096056622852, ""precision"": 0.9395604395604396, ""recall"": 0.800561797752809}, ""0.5"": {""f1"": 0.7158746208291203, ""precision"": 0.778021978021978, ""recall"": 0.6629213483146067}, ""0.7"": {""f1"": 0.36299292214357937, ""precision"": 0.3945054945054945, ""recall"": 0.33614232209737827}}",0.9482309210577212,0.01724993794986349,24,908,1068,16116,281,0
doctr,variant,V04,0.01811976419484952,0.018057710207880856,0.016630468507601612,0.016764870931537598,0.07971014492753623,0.8249063670411985,0.9722222222222222,"{""0.3"": {""f1"": 0.8636363636363636, ""precision"": 0.9375, ""recall"": 0.800561797752809}, ""0.5"": {""f1"": 0.7191919191919192, ""precision"": 0.7807017543859649, ""recall"": 0.6666666666666666}, ""0.7"": {""f1"": 0.36060606060606065, ""precision"": 0.39144736842105265, ""recall"": 0.3342696629213483}}",0.9438532479163425,0.01793360223394353,24,909,1068,16115,292,0
doctr,variant,V05,0.019422897921191437,0.019360843934222775,0.018057710207880856,0.017887205387205386,0.08731884057971015,0.8202247191011236,0.9656862745098039,"{""0.3"": {""f1"": 0.8640727640222334, ""precision"": 0.9385290889132821, ""recall"": 0.800561797752809}, ""0.5"": {""f1"": 0.7205659423951492, ""precision"": 0.7826564215148188, ""recall"": 0.6676029962546817}, ""0.7"": {""f1"": 0.3577564426478019, ""precision"": 0.3885839736553238, ""recall"": 0.33146067415730335}}",0.9379549459706625,0.019174681973316787,24,910,1068,16115,313,0
doctr,variant,V06,0.01780838917845619,0.01774633904194589,0.016319185902208985,0.01655443322109989,0.07898550724637682,0.8258426966292135,0.9738562091503268,"{""0.3"": {""f1"": 0.8645096056622852, ""precision"": 0.9395604395604396, ""recall"": 0.800561797752809}, ""0.5"": {""f1"": 0.7199191102123356, ""precision"": 0.7824175824175824, ""recall"": 0.6666666666666666}, ""0.7"": {""f1"": 0.3619817997977755, ""precision"": 0.3934065934065934, ""recall"": 0.3352059925093633}}",0.945048044590988,0.017622238768925293,24,908,1068,16116,287,0
doctr,variant,V07,0.017932489451476793,0.017870439314966492,0.016505336311739886,0.01669472502805836,0.07789855072463768,0.8267790262172284,0.9771241830065359,"{""0.3"": {""f1"": 0.8640727640222334, ""precision"": 0.9385290889132821, ""recall"": 0.800561797752809}, ""0.5"": {""f1"": 0.7145022738756948, ""precision"": 0.7760702524698134, ""recall"": 0.6619850187265918}, ""0.7"": {""f1"": 0.36078827690752907, ""precision"": 0.3918770581778266, ""recall"": 0.3342696629213483}}",0.9477168503497069,0.01774633904194589,24,909,1068,16116,289,0
doctr,variant,V08,0.01731198808637379,0.01731198808637379,0.01600893521965748,0.016343995510662176,0.075,0.8408239700374532,0.9754901960784313,"{""0.3"": {""f1"": 0.8634984833164813, ""precision"": 0.9384615384615385, ""recall"": 0.799625468164794}, ""0.5"": {""f1"": 0.717896865520728, ""precision"": 0.7802197802197802, ""recall"": 0.6647940074906367}, ""0.7"": {""f1"": 0.36703741152679475, ""precision"": 0.3989010989010989, ""recall"": 0.3398876404494382}}",0.9485870875573695,0.01712583767684289,24,908,1068,16116,279,0
doctr,variant,V09,0.01743608835939439,0.01737403822288409,0.016133035492678083,0.016203703703703703,0.07681159420289856,0.8267790262172284,0.9738562091503268,"{""0.3"": {""f1"": 0.8639352554375315, ""precision"": 0.9394939493949395, ""recall"": 0.799625468164794}, ""0.5"": {""f1"": 0.716236722306525, ""precision"": 0.7788778877887789, ""recall"": 0.6629213483146067}, ""0.7"": {""f1"": 0.3672230652503793, ""precision"": 0.39933993399339934, ""recall"": 0.3398876404494382}}",0.9474875727749876,0.01731198808637379,24,907,1068,16116,281,0
doctr,variant,V10,0.017063787540332588,0.016939687267311987,0.015760734673616283,0.015782828282828284,0.07318840579710145,0.8398876404494382,0.9771241830065359,"{""0.3"": {""f1"": 0.8640727640222334, ""precision"": 0.9385290889132821, ""recall"": 0.800561797752809}, ""0.5"": {""f1"": 0.7145022738756948, ""precision"": 0.7760702524698134, ""recall"": 0.6619850187265918}, ""0.7"": {""f1"": 0.36179888832743806, ""precision"": 0.3929747530186608, ""recall"": 0.3352059925093633}}",0.9503742577674558,0.016877637130801686,24,909,1068,16116,275,0
doctr,variant,V11,0.017885976897279842,0.017823872810830952,0.01639547882250652,0.01669472502805836,0.07608695652173914,0.8267790262172284,0.9787581699346405,"{""0.3"": {""f1"": 0.871306960440661, ""precision"": 0.9364908503767492, ""recall"": 0.8146067415730337}, ""0.5"": {""f1"": 0.7250876314471707, ""precision"": 0.7793326157158235, ""recall"": 0.6779026217228464}, ""0.7"": {""f1"": 0.3585378067100651, ""precision"": 0.38536060279870826, ""recall"": 0.3352059925093633}}",0.9490178877338623,0.017699664637933175,24,922,1068,16102,288,0
doctr,variant,V12,0.039776605646912815,0.039776605646912815,0.03810114799875892,0.04019360269360269,0.1605072463768116,0.7294007490636704,0.8594771241830066,"{""0.3"": {""f1"": 0.8633383761976803, ""precision"": 0.9355191256830601, ""recall"": 0.8014981273408239}, ""0.5"": {""f1"": 0.7503782148260212, ""precision"": 0.8131147540983606, ""recall"": 0.6966292134831461}, ""0.7"": {""f1"": 0.4730206757438225, ""precision"": 0.512568306010929, ""recall"": 0.43913857677902624}}",0.8770223391229641,0.03965249767297549,24,910,1068,16115,641,0
doctr,variant,V13,0.07051520794537554,0.07026691495965239,0.06797020484171322,0.07232042648709315,0.24166666666666667,0.6385767790262172,0.7581699346405228,"{""0.3"": {""f1"": 0.8629441624365481, ""precision"": 0.9423503325942351, ""recall"": 0.795880149812734}, ""0.5"": {""f1"": 0.7461928934010151, ""precision"": 0.8148558758314856, ""recall"": 0.6882022471910112}, ""0.7"": {""f1"": 0.4690355329949238, ""precision"": 0.5121951219512195, ""recall"": 0.43258426966292135}}",0.8033166449850587,0.0702048417132216,24,915,1068,16110,1136,0
easyocr,dpr@V00,desktop:1,0.10289047997878546,0.10289047997878546,0.10050384513391673,0.08530106257378985,0.4126984126984127,0.408,0.3355263157894737,"{""0.3"": {""f1"": 0.674955595026643, ""precision"": 0.6070287539936102, ""recall"": 0.76}, ""0.5"": {""f1"": 0.5754884547069272, ""precision"": 0.5175718849840255, ""recall"": 0.648}, ""0.7"": {""f1"": 0.17051509769094136, ""precision"": 0.15335463258785942, ""recall"": 0.192}}",0.7087898887898888,0.10289047997878546,4,247,250,3771,388,0
easyocr,dpr@V00,desktop:1.5,0.056794055201698515,0.056794055201698515,0.05493630573248408,0.03866587957497048,0.3253968253968254,0.604,0.625,"{""0.3"": {""f1"": 0.783068783068783, ""precision"": 0.7003154574132492, ""recall"": 0.888}, ""0.5"": {""f1"": 0.6455026455026455, ""precision"": 0.5772870662460567, ""recall"": 0.732}, ""0.7"": {""f1"": 0.11287477954144622, ""precision"": 0.10094637223974763, ""recall"": 0.128}}",0.7794840253288088,0.056794055201698515,4,250,250,3768,214,0
easyocr,dpr@V00,desktop:2,0.049628450106157115,0.049628450106157115,0.04777070063694268,0.03010625737898465,0.3126984126984127,0.644,0.6842105263157895,"{""0.3"": {""f1"": 0.7298578199052131, ""precision"": 0.6031331592689295, ""recall"": 0.924}, ""0.5"": {""f1"": 0.6413902053712479, ""precision"": 0.5300261096605744, ""recall"": 0.812}, ""0.7"": {""f1"": 0.15165876777251183, ""precision"": 0.12532637075718014, ""recall"": 0.192}}",0.7884876160159904,0.049628450106157115,4,250,250,3768,187,0
easyocr,dpr@V00,mobile:1,0.05232558139534884,0.05232558139534884,0.05167958656330749,0.04985337243401759,0.23103448275862068,0.6320754716981132,0.4423076923076923,"{""0.3"": {""f1"": 0.9506726457399104, ""precision"": 0.905982905982906, ""recall"": 1.0}, ""0.5"": {""f1"": 0.8878923766816144, ""precision"": 0.8461538461538461, ""recall"": 0.9339622641509434}, ""0.7"": {""f1"": 0.3228699551569507, ""precision"": 0.3076923076923077, ""recall"": 0.33962264150943394}}",0.8211884332975827,0.05232558139534884,4,106,106,1548,81,0
easyocr,dpr@V00,mobile:2,0.03359173126614987,0.03359173126614987,0.03359173126614987,0.03225806451612903,0.15517241379310345,0.6886792452830188,0.6923076923076923,"{""0.3"": {""f1"": 0.9592760180995475, ""precision"": 0.9217391304347826, ""recall"": 1.0}, ""0.5"": {""f1"": 0.8868778280542987, ""precision"": 0.8521739130434782, ""recall"": 0.9245283018867925}, ""0.7"": {""f1"": 0.19909502262443438, ""precision"": 0.19130434782608696, ""recall"": 0.20754716981132076}}",0.8841041576335694,0.03294573643410853,4,107,106,1548,52,0
easyocr,dpr@V00,mobile:3,0.03294573643410853,0.03294573643410853,0.03294573643410853,0.03225806451612903,0.15172413793103448,0.6981132075471698,0.6730769230769231,"{""0.3"": {""f1"": 0.9464285714285715, ""precision"": 0.8983050847457628, ""recall"": 1.0}, ""0.5"": {""f1"": 0.8839285714285714, ""precision"": 0.8389830508474576, ""recall"": 0.9339622641509434}, ""0.7"": {""f1"": 0.24107142857142858, ""precision"": 0.2288135593220339, ""recall"": 0.25471698113207547}}",0.8832829697846923,0.03165374677002584,4,108,106,1548,51,0
easyocr,theme@V00,dark,0.05917011407797418,0.05917011407797418,0.057540428732606244,0.04643658810325477,0.2898550724637681,0.5917602996254682,0.5718954248366013,"{""0.3"": {""f1"": 0.8003314001657, ""precision"": 0.7176820208023774, ""recall"": 0.9044943820224719}, ""0.5"": {""f1"": 0.6926263463131732, ""precision"": 0.6210995542347697, ""recall"": 0.7827715355805244}, ""0.7"": {""f1"": 0.1623860811930406, ""precision"": 0.14561664190193166, ""recall"": 0.18352059925093633}}",0.810389621821694,0.05904475366679203,12,532,534,7977,472,0
easyocr,theme@V00,light,0.06282919488337095,0.06282919488337095,0.06144971156257838,0.04868125701459035,0.30289855072463767,0.5842696629213483,0.5522875816993464,"{""0.3"": {""f1"": 0.781045751633987, ""precision"": 0.6927536231884058, ""recall"": 0.8951310861423221}, ""0.5"": {""f1"": 0.696078431372549, ""precision"": 0.6173913043478261, ""recall"": 0.797752808988764}, ""0.7"": {""f1"": 0.18790849673202614, ""precision"": 0.16666666666666666, ""recall"": 0.2153558052434457}}",0.8113894084618166,0.06257837973413594,12,536,534,7974,501,0
easyocr,variant,V00,0.060999310388063444,0.060999310388063444,0.059494702526487364,0.04755892255892256,0.29637681159420287,0.5880149812734082,0.5620915032679739,"{""0.3"": {""f1"": 0.79062114356232, ""precision"": 0.7050623624358033, ""recall"": 0.899812734082397}, ""0.5"": {""f1"": 0.6943644590703415, ""precision"": 0.6192223037417461, ""recall"": 0.7902621722846442}, ""0.7"": {""f1"": 0.17523652817770463, ""precision"": 0.15627292736610418, ""recall"": 0.199438202247191}}",0.8108895151417554,0.060811234405366434,24,1068,1068,15951,973,0
easyocr,variant,V02,0.06219825694400903,0.06226095679979936,0.06050536083767007,0.048751402918069585,0.30181159420289855,0.5926966292134831,0.5571895424836601,"{""0.3"": {""f1"": 0.7865628840639083, ""precision"": 0.6991988346686089, ""recall"": 0.898876404494382}, ""0.5"": {""f1"": 0.6898811962310528, ""precision"": 0.6132556445739257, ""recall"": 0.7883895131086143}, ""0.7"": {""f1"": 0.15403523146251538, ""precision"": 0.1369264384559359, ""recall"": 0.1760299625468165}}",0.8077984660066987,0.062010157376638037,24,1070,1068,15949,992,0
easyocr,variant,V03,0.061320458962944385,0.06138315881873472,0.05994106213555709,0.04776936026936027,0.29818840579710143,0.602996254681648,0.5702614379084967,"{""0.3"": {""f1"": 0.7906403940886699, ""precision"": 0.7039473684210527, ""recall"": 0.901685393258427}, ""0.5"": {""f1"": 0.680623973727422, ""precision"": 0.6059941520467836, ""recall"": 0.7762172284644194}, ""0.7"": {""f1"": 0.13793103448275862, ""precision"": 0.12280701754385964, ""recall"": 0.15730337078651685}}",0.8104735142882605,0.06113235939557339,24,1070,1068,15949,978,0
easyocr,variant,V04,0.06057185854025583,0.06069726611487334,0.059004263857536994,0.047979797979797977,0.29891304347826086,0.598314606741573,0.5784313725490197,"{""0.3"": {""f1"": 0.7983402489626557, ""precision"": 0.7168405365126677, ""recall"": 0.900749063670412}, ""0.5"": {""f1"": 0.6871369294605809, ""precision"": 0.61698956780924, ""recall"": 0.7752808988764045}, ""0.7"": {""f1"": 0.14522821576763487, ""precision"": 0.13040238450074515, ""recall"": 0.16385767790262173}}",0.8074870671071374,0.06038374717832957,24,1071,1068,15948,966,0
easyocr,variant,V05,0.06239026837220968,0.062452972159518436,0.06032104339102082,0.05064534231200898,0.302536231884058,0.6020599250936329,0.5833333333333334,"{""0.3"": {""f1"": 0.8054862842892767, ""precision"": 0.7242152466367713, ""recall"": 0.9073033707865169}, ""0.5"": {""f1"": 0.6874480465502909, ""precision"": 0.6180866965620329, ""recall"": 0.7743445692883895}, ""0.7"": {""f1"": 0.13300083125519535, ""precision"": 0.11958146487294469, ""recall"": 0.149812734082397}}",0.8006364221737119,0.06226486079759217,24,1072,1068,15948,995,0
easyocr,variant,V06,0.06061175880656888,0.060799799423342106,0.059107433872383104,0.04692760942760943,0.2920289855072464,0.6058052434456929,0.576797385620915,"{""0.3"": {""f1"": 0.7983402489626557, ""precision"": 0.7168405365126677, ""recall"": 0.900749063670412}, ""0.5"": {""f1"": 0.6937759336099585, ""precision"": 0.6229508196721312, ""recall"": 0.7827715355805244}, ""0.7"": {""f1"": 0.13692946058091282, ""precision"": 0.12295081967213115, ""recall"": 0.1544943820224719}}",0.814067096940697,0.06042371818979566,24,1067,1068,15954,967,0
easyocr,variant,V07,0.061010785051417105,0.061010785051417105,0.059443190368698266,0.04826038159371493,0.2956521739130435,0.5926966292134831,0.565359477124183,"{""0.3"": {""f1"": 0.7891491985203452, ""precision"": 0.7032967032967034, ""recall"": 0.898876404494382}, ""0.5"": {""f1"": 0.6880394574599261, ""precision"": 0.6131868131868132, ""recall"": 0.7837078651685393}, ""0.7"": {""f1"": 0.16605014385532263, ""precision"": 0.147985347985348, ""recall"": 0.1891385767790262}}",0.8122757246558142,0.06082267368949085,24,1071,1068,15948,973,0
easyocr,variant,V08,0.05925507900677201,0.05925507900677201,0.05781289189867068,0.046787317620650956,0.2894927536231884,0.6048689138576779,0.5898692810457516,"{""0.3"": {""f1"": 0.7998345740281224, ""precision"": 0.7162962962962963, ""recall"": 0.9054307116104869}, ""0.5"": {""f1"": 0.6947890818858561, ""precision"": 0.6222222222222222, ""recall"": 0.7865168539325843}, ""0.7"": {""f1"": 0.15053763440860213, ""precision"": 0.1348148148148148, ""recall"": 0.1704119850187266}}",0.8117307845406528,0.05906696764484575,24,1071,1068,15948,945,0
easyocr,variant,V09,0.06082267368949085,0.0608853774767996,0.059380486581389516,0.047839506172839504,0.29239130434782606,0.6067415730337079,0.5784313725490197,"{""0.3"": {""f1"": 0.8001654944145635, ""precision"": 0.7168272794662713, ""recall"": 0.9054307116104869}, ""0.5"": {""f1"": 0.6975589573851881, ""precision"": 0.6249073387694588, ""recall"": 0.7893258426966292}, ""0.7"": {""f1"": 0.146462556888705, ""precision"": 0.13120830244625648, ""recall"": 0.16573033707865167}}",0.8126878609403629,0.06069726611487334,24,1071,1068,15948,970,0
easyocr,variant,V10,0.062452972159518436,0.062452972159518436,0.06075996990218209,0.04889169472502806,0.30181159420289855,0.5936329588014981,0.5588235294117647,"{""0.3"": {""f1"": 0.7857142857142857, ""precision"": 0.6995614035087719, ""recall"": 0.8960674157303371}, ""0.5"": {""f1"": 0.6912972085385878, ""precision"": 0.6154970760233918, ""recall"": 0.7883895131086143}, ""0.7"": {""f1"": 0.16666666666666669, ""precision"": 0.14839181286549707, ""recall"": 0.1900749063670412}}",0.8100272011335846,0.06226486079759217,24,1071,1068,15948,996,0
easyocr,variant,V11,0.06138700777526963,0.06144971156257838,0.05969400551793328,0.048330527497194166,0.2960144927536232,0.5955056179775281,0.565359477124183,"{""0.3"": {""f1"": 0.7842816209578388, ""precision"": 0.6967272727272728, ""recall"": 0.897003745318352}, ""0.5"": {""f1"": 0.6917724109701187, ""precision"": 0.6145454545454545, ""recall"": 0.7911985018726592}, ""0.7"": {""f1"": 0.166189111747851, ""precision"": 0.14763636363636365, ""recall"": 0.1900749063670412}}",0.8107611978906455,0.06119889641334337,24,1071,1068,15948,979,0
easyocr,variant,V12,0.35778321108394456,0.35778321108394456,0.3478151840010031,0.3562710437710438,0.6231884057971014,0.28651685393258425,0.24836601307189543,"{""0.3"": {""f1"": 0.7015945330296127, ""precision"": 0.6832298136645962, ""recall"": 0.7209737827715356}, ""0.5"": {""f1"": 0.6022779043280182, ""precision"": 0.5865128660159716, ""recall"": 0.6189138576779026}, ""0.7"": {""f1"": 0.29521640091116175, ""precision"": 0.28748890860692106, ""recall"": 0.30337078651685395}}",0.48925125085122523,0.35778321108394456,24,1065,1068,15951,5707,0
easyocr,variant,V13,0.3597090726691329,0.3597090726691329,0.34980249545426045,0.35620089786756454,0.6246376811594203,0.2949438202247191,0.24836601307189543,"{""0.3"": {""f1"": 0.691806331471136, ""precision"": 0.687962962962963, ""recall"": 0.6956928838951311}, ""0.5"": {""f1"": 0.5763500931098697, ""precision"": 0.5731481481481482, ""recall"": 0.5795880149812734}, ""0.7"": {""f1"": 0.23277467411545621, ""precision"": 0.23148148148148148, ""recall"": 0.2340823970037453}}",0.48158749431513875,0.3597090726691329,24,1069,1068,15949,5737,0
paddle_v5_mobile,dpr@V00,desktop:1,0.018797987821021975,0.019592268996558113,0.014032300767805136,0.015053128689492325,0.11746031746031746,0.82,0.9210526315789473,"{""0.3"": {""f1"": 0.8228571428571428, ""precision"": 0.7854545454545454, ""recall"": 0.864}, ""0.5"": {""f1"": 0.5257142857142857, ""precision"": 0.5018181818181818, ""recall"": 0.552}, ""0.7"": {""f1"": 0.22476190476190475, ""precision"": 0.21454545454545454, ""recall"": 0.236}}",0.9102920137622992,0.017209425469949694,4,247,250,3777,71,0
paddle_v5_mobile,dpr@V00,desktop:1.5,0.02176220806794055,0.024946921443736732,0.015658174097664544,0.012396694214876033,0.1619047619047619,0.84,0.9078947368421053,"{""0.3"": {""f1"": 0.9508840864440079, ""precision"": 0.9343629343629344, ""recall"": 0.968}, ""0.5"": {""f1"": 0.7426326129666012, ""precision"": 0.7297297297297297, ""recall"": 0.756}, ""0.7"": {""f1"": 0.29469548133595286, ""precision"": 0.28957528957528955, ""recall"": 0.3}}",0.8693890386513423,0.021231422505307854,4,252,250,3768,82,0
paddle_v5_mobile,dpr@V00,desktop:2,0.029193205944798302,0.03237791932059448,0.02680467091295117,0.020956316410861865,0.17777777777777778,0.824,0.8618421052631579,"{""0.3"": {""f1"": 0.8006700167504187, ""precision"": 0.6887608069164265, ""recall"": 0.956}, ""0.5"": {""f1"": 0.6499162479061976, ""precision"": 0.5590778097982709, ""recall"": 0.776}, ""0.7"": {""f1"": 0.2680067001675042, ""precision"": 0.23054755043227665, ""recall"": 0.32}}",0.8726976459929914,0.028397027600849258,4,253,250,3768,110,0
paddle_v5_mobile,dpr@V00,mobile:1,0.016795865633074936,0.01744186046511628,0.013565891472868217,0.01686217008797654,0.08275862068965517,0.8584905660377359,0.8461538461538461,"{""0.3"": {""f1"": 0.9680365296803652, ""precision"": 0.9380530973451328, ""recall"": 1.0}, ""0.5"": {""f1"": 0.684931506849315, ""precision"": 0.6637168141592921, ""recall"": 0.7075471698113207}, ""0.7"": {""f1"": 0.228310502283105, ""precision"": 0.22123893805309736, ""recall"": 0.2358490566037736}}",0.9347517730496454,0.01227390180878553,4,113,106,1548,26,0
paddle_v5_mobile,dpr@V00,mobile:2,0.021963824289405683,0.025193798449612403,0.020025839793281652,0.015395894428152493,0.10344827586206896,0.8679245283018868,0.9038461538461539,"{""0.3"": {""f1"": 0.8760330578512397, ""precision"": 0.7794117647058824, ""recall"": 1.0}, ""0.5"": {""f1"": 0.7024793388429753, ""precision"": 0.625, ""recall"": 0.8018867924528302}, ""0.7"": {""f1"": 0.2066115702479339, ""precision"": 0.18382352941176472, ""recall"": 0.2358490566037736}}",0.9361929367290185,0.01808785529715762,4,112,106,1548,34,0
paddle_v5_mobile,dpr@V00,mobile:3,0.014211886304909561,0.01744186046511628,0.012919896640826873,0.010997067448680353,0.05172413793103448,0.9056603773584906,0.9615384615384616,"{""0.3"": {""f1"": 0.7188612099644127, ""precision"": 0.5771428571428572, ""recall"": 0.9528301886792453}, ""0.5"": {""f1"": 0.5693950177935944, ""precision"": 0.45714285714285713, ""recall"": 0.7547169811320755}, ""0.7"": {""f1"": 0.19217081850533804, ""precision"": 0.15428571428571428, ""recall"": 0.25471698113207547}}",0.965607882829245,0.013565891472868217,4,107,106,1548,22,0
paddle_v5_mobile,theme@V00,dark,0.024579884625031353,0.02671181339352897,0.0218209179834462,0.018518518518518517,0.13695652173913042,0.846441947565543,0.8986928104575164,"{""0.3"": {""f1"": 0.809748427672956, ""precision"": 0.6978319783197832, ""recall"": 0.9644194756554307}, ""0.5"": {""f1"": 0.6745283018867925, ""precision"": 0.5813008130081301, ""recall"": 0.8033707865168539}, ""0.7"": {""f1"": 0.2908805031446541, ""precision"": 0.2506775067750677, ""recall"": 0.3464419475655431}}",0.9169905682200671,0.022824178580386257,12,547,534,7974,196,0
paddle_v5_mobile,theme@V00,light,0.018664662407616186,0.02129525241137417,0.013904547162720781,0.012766554433221099,0.12173913043478261,0.8389513108614233,0.8986928104575164,"{""0.3"": {""f1"": 0.8991825613079019, ""precision"": 0.873015873015873, ""recall"": 0.9269662921348315}, ""0.5"": {""f1"": 0.6030881017257038, ""precision"": 0.5855379188712522, ""recall"": 0.6217228464419475}, ""0.7"": {""f1"": 0.19255222524977295, ""precision"": 0.18694885361552027, ""recall"": 0.19850187265917604}}",0.9126531954514469,0.01728673431040962,12,537,534,7983,149,0
paddle_v5_mobile,variant,V00,0.021620605376950555,0.02400200538948424,0.017860500094002633,0.01564253647586981,0.12934782608695652,0.8426966292134831,0.8986928104575164,"{""0.3"": {""f1"": 0.8512431521281079, ""precision"": 0.7739463601532567, ""recall"": 0.9456928838951311}, ""0.5"": {""f1"": 0.6413822166034555, ""precision"": 0.5831417624521072, ""recall"": 0.7125468164794008}, ""0.7"": {""f1"": 0.24525916561314795, ""precision"": 0.22298850574712645, ""recall"": 0.27247191011235955}}",0.9148218818357569,0.02005389484238892,24,1084,1068,15957,345,0
paddle_v5_mobile,variant,V02,0.019922315499310863,0.020799398571607567,0.016664578373637388,0.011574074074074073,0.13768115942028986,0.8389513108614233,0.9019607843137255,"{""0.3"": {""f1"": 0.925414364640884, ""precision"": 0.9103260869565217, ""recall"": 0.9410112359550562}, ""0.5"": {""f1"": 0.6473296500920809, ""precision"": 0.6367753623188406, ""recall"": 0.6582397003745318}, ""0.7"": {""f1"": 0.20257826887661143, ""precision"": 0.19927536231884058, ""recall"": 0.20599250936329588}}",0.9080449001766846,0.018356095727352462,24,1080,1068,15962,318,0
paddle_v5_mobile,variant,V03,0.0243092538061525,0.024747822818119165,0.020362132698452478,0.011784511784511785,0.16956521739130434,0.8146067415730337,0.8333333333333334,"{""0.3"": {""f1"": 0.9340813464235624, ""precision"": 0.9327731092436975, ""recall"": 0.9353932584269663}, ""0.5"": {""f1"": 0.6348761103319308, ""precision"": 0.6339869281045751, ""recall"": 0.6357677902621723}, ""0.7"": {""f1"": 0.20009350163627862, ""precision"": 0.19981325863678806, ""recall"": 0.20037453183520598}}",0.8888724788989922,0.022930894054257252,24,1079,1068,15961,388,0
paddle_v5_mobile,variant,V04,0.028129307104372885,0.028317253477007892,0.023806540533767698,0.012205387205387205,0.1967391304347826,0.800561797752809,0.8104575163398693,"{""0.3"": {""f1"": 0.927468413664015, ""precision"": 0.9270346117867165, ""recall"": 0.9279026217228464}, ""0.5"": {""f1"": 0.6008423022929341, ""precision"": 0.6005612722170253, ""recall"": 0.601123595505618}, ""0.7"": {""f1"": 0.2096396817969116, ""precision"": 0.20954162768942938, ""recall"": 0.20973782771535582}}",0.864137322780406,0.02662573612329282,24,1079,1068,15962,449,0
paddle_v5_mobile,variant,V05,0.031498528398772624,0.03187425637172021,0.026864550065752394,0.013538159371492706,0.21594202898550724,0.7818352059925093,0.7990196078431373,"{""0.3"": {""f1"": 0.9170182841068917, ""precision"": 0.9183098591549296, ""recall"": 0.9157303370786517}, ""0.5"": {""f1"": 0.5982184716361931, ""precision"": 0.5990610328638498, ""recall"": 0.5973782771535581}, ""0.7"": {""f1"": 0.20440693858415376, ""precision"": 0.20469483568075117, ""recall"": 0.20411985018726592}}",0.8517892051823925,0.02987037384933308,24,1074,1068,15969,503,0
paddle_v5_mobile,variant,V06,0.022557804373707625,0.023811015727802493,0.018296885769785075,0.012836700336700337,0.15471014492753624,0.8314606741573034,0.8627450980392157,"{""0.3"": {""f1"": 0.937790157845868, ""precision"": 0.9300184162062615, ""recall"": 0.9456928838951311}, ""0.5"": {""f1"": 0.6657381615598886, ""precision"": 0.6602209944751382, ""recall"": 0.6713483146067416}, ""0.7"": {""f1"": 0.23491179201485607, ""precision"": 0.23296500920810312, ""recall"": 0.23689138576779026}}",0.8960474866237004,0.02055266620715584,24,1090,1068,15959,360,0
paddle_v5_mobile,variant,V07,0.02074324747759604,0.02168327379833302,0.01735915272294291,0.012205387205387205,0.1398550724637681,0.8417602996254682,0.8937908496732027,"{""0.3"": {""f1"": 0.9253187613843351, ""precision"": 0.900709219858156, ""recall"": 0.951310861423221}, ""0.5"": {""f1"": 0.6366120218579235, ""precision"": 0.6196808510638298, ""recall"": 0.6544943820224719}, ""0.7"": {""f1"": 0.2176684881602914, ""precision"": 0.21187943262411346, ""recall"": 0.22378277153558052}}",0.9086151881938961,0.018800526414739612,24,1088,1068,15957,331,0
paddle_v5_mobile,variant,V08,0.02632073698063546,0.02669674750893025,0.022936642225982327,0.011994949494949494,0.18007246376811595,0.8155430711610487,0.8480392156862745,"{""0.3"": {""f1"": 0.9337016574585635, ""precision"": 0.9184782608695652, ""recall"": 0.949438202247191}, ""0.5"": {""f1"": 0.6491712707182321, ""precision"": 0.6385869565217391, ""recall"": 0.6601123595505618}, ""0.7"": {""f1"": 0.21915285451197053, ""precision"": 0.21557971014492755, ""recall"": 0.22284644194756553}}",0.8871460939396433,0.024879363288838753,24,1083,1068,15957,420,0
paddle_v5_mobile,variant,V09,0.028576800150404213,0.029015479100081468,0.024566021181926426,0.012415824915824917,0.1956521739130435,0.8080524344569289,0.826797385620915,"{""0.3"": {""f1"": 0.9398148148148149, ""precision"": 0.9294871794871795, ""recall"": 0.950374531835206}, ""0.5"": {""f1"": 0.6546296296296297, ""precision"": 0.6474358974358975, ""recall"": 0.6619850187265918}, ""0.7"": {""f1"": 0.22685185185185183, ""precision"": 0.22435897435897437, ""recall"": 0.22940074906367042}}",0.8702232125781372,0.027135426458607507,24,1084,1068,15957,456,0
paddle_v5_mobile,variant,V10,0.019615215892711663,0.020931252741743435,0.01679513693050072,0.011784511784511785,0.1322463768115942,0.8389513108614233,0.8921568627450981,"{""0.3"": {""f1"": 0.9132212630622444, ""precision"": 0.8870255957634599, ""recall"": 0.9410112359550562}, ""0.5"": {""f1"": 0.6451612903225807, ""precision"": 0.6266548984995587, ""recall"": 0.6647940074906367}, ""0.7"": {""f1"": 0.22807814629713766, ""precision"": 0.22153574580759047, ""recall"": 0.2350187265917603}}",0.915108241926604,0.01804850535815003,24,1084,1068,15957,313,0
paddle_v5_mobile,variant,V11,0.020241900106536315,0.02086858432036097,0.016732468509118255,0.011924803591470258,0.13840579710144926,0.8380149812734082,0.8970588235294118,"{""0.3"": {""f1"": 0.9219534459151073, ""precision"": 0.8993766696349065, ""recall"": 0.9456928838951311}, ""0.5"": {""f1"": 0.652670013692378, ""precision"": 0.6366874443455031, ""recall"": 0.6694756554307116}, ""0.7"": {""f1"": 0.22729347329986307, ""precision"": 0.22172751558325912, ""recall"": 0.23314606741573032}}",0.9104425927026955,0.018737857993357147,24,1083,1068,15957,323,0
paddle_v5_mobile,variant,V12,0.0814193629138244,0.08173227360911196,0.07559922398147569,0.0750561167227834,0.2605072463768116,0.6732209737827716,0.7516339869281046,"{""0.3"": {""f1"": 0.8359191349318288, ""precision"": 0.8394711992445704, ""recall"": 0.8323970037453183}, ""0.5"": {""f1"": 0.5265632346027268, ""precision"": 0.5288007554296507, ""recall"": 0.5243445692883895}, ""0.7"": {""f1"": 0.19558062999529852, ""precision"": 0.1964117091595845, ""recall"": 0.1947565543071161}}",0.8017896436698712,0.07966706302021404,24,1066,1068,15979,1301,0
paddle_v5_mobile,variant,V13,0.12388385888229785,0.12457071495472995,0.11745238838588823,0.10479797979797979,0.391304347826087,0.5711610486891385,0.5915032679738562,"{""0.3"": {""f1"": 0.7838756677999028, ""precision"": 0.8143289606458123, ""recall"": 0.7556179775280899}, ""0.5"": {""f1"": 0.47110247693054885, ""precision"": 0.48940464177598386, ""recall"": 0.4541198501872659}, ""0.7"": {""f1"": 0.1544439048081593, ""precision"": 0.16044399596367306, ""recall"": 0.14887640449438203}}",0.7026567586473945,0.12251014673743366,24,1025,1068,16015,1984,0
paddle_v5_server,dpr@V00,desktop:1,0.04161144977471508,0.04346673734428837,0.040551285449244634,0.010920897284533649,0.28888888888888886,0.828,0.8157894736842105,"{""0.3"": {""f1"": 0.9504950495049505, ""precision"": 0.9411764705882353, ""recall"": 0.96}, ""0.5"": {""f1"": 0.7603960396039603, ""precision"": 0.7529411764705882, ""recall"": 0.768}, ""0.7"": {""f1"": 0.37623762376237624, ""precision"": 0.37254901960784315, ""recall"": 0.38}}",0.8095077380273318,0.04081632653061224,4,248,250,3773,157,0
paddle_v5_server,dpr@V00,desktop:1.5,0.021231422505307854,0.0220276008492569,0.019373673036093417,0.005608028335301062,0.16666666666666666,0.876,0.8947368421052632,"{""0.3"": {""f1"": 0.9393939393939394, ""precision"": 0.8920863309352518, ""recall"": 0.992}, ""0.5"": {""f1"": 0.75, ""precision"": 0.7122302158273381, ""recall"": 0.792}, ""0.7"": {""f1"": 0.40530303030303033, ""precision"": 0.38489208633093525, ""recall"": 0.428}}",0.8788063897879417,0.021231422505307854,4,250,250,3768,80,0
paddle_v5_server,dpr@V00,desktop:2,0.31289808917197454,0.31369426751592355,0.31157112526539277,0.3025383707201889,0.3746031746031746,0.688,0.7302631578947368,"{""0.3"": {""f1"": 0.8527472527472527, ""precision"": 0.9463414634146341, ""recall"": 0.776}, ""0.5"": {""f1"": 0.698901098901099, ""precision"": 0.775609756097561, ""recall"": 0.636}, ""0.7"": {""f1"": 0.4703296703296704, ""precision"": 0.5219512195121951, ""recall"": 0.428}}",0.7108018825149017,0.31263269639065816,4,251,250,3768,1179,0
paddle_v5_server,dpr@V00,mobile:1,0.012919896640826873,0.012919896640826873,0.012919896640826873,0.005865102639296188,0.0896551724137931,0.9056603773584906,0.7692307692307693,"{""0.3"": {""f1"": 0.9769585253456221, ""precision"": 0.954954954954955, ""recall"": 1.0}, ""0.5"": {""f1"": 0.8202764976958524, ""precision"": 0.8018018018018018, ""recall"": 0.839622641509434}, ""0.7"": {""f1"": 0.3317972350230415, ""precision"": 0.32432432432432434, ""recall"": 0.33962264150943394}}",0.9324973761030649,0.0103359173126615,4,110,106,1548,20,0
paddle_v5_server,dpr@V00,mobile:2,0.01744186046511628,0.01808785529715762,0.01744186046511628,0.0036656891495601175,0.12413793103448276,0.8867924528301887,0.75,"{""0.3"": {""f1"": 0.9170305676855894, ""precision"": 0.8536585365853658, ""recall"": 0.9905660377358491}, ""0.5"": {""f1"": 0.8558951965065502, ""precision"": 0.7967479674796748, ""recall"": 0.9245283018867925}, ""0.7"": {""f1"": 0.4978165938864629, ""precision"": 0.4634146341463415, ""recall"": 0.5377358490566038}}",0.9058302665328426,0.01614987080103359,4,108,106,1548,27,0
paddle_v5_server,dpr@V00,mobile:3,0.01808785529715762,0.01808785529715762,0.01808785529715762,0.005865102639296188,0.1103448275862069,0.8584905660377359,0.8846153846153846,"{""0.3"": {""f1"": 0.8776371308016877, ""precision"": 0.7938931297709924, ""recall"": 0.9811320754716981}, ""0.5"": {""f1"": 0.8270042194092826, ""precision"": 0.7480916030534351, ""recall"": 0.9245283018867925}, ""0.7"": {""f1"": 0.4810126582278481, ""precision"": 0.4351145038167939, ""recall"": 0.5377358490566038}}",0.9232498534956846,0.01744186046511628,4,107,106,1548,28,0
paddle_v5_server,theme@V00,dark,0.16472358029334336,0.16547574276043625,0.16409677823743263,0.14702581369248036,0.2876811594202899,0.7771535580524345,0.7581699346405228,"{""0.3"": {""f1"": 0.8682027649769585, ""precision"": 0.8548094373865699, ""recall"": 0.8820224719101124}, ""0.5"": {""f1"": 0.776036866359447, ""precision"": 0.764065335753176, ""recall"": 0.7883895131086143}, ""0.7"": {""f1"": 0.4055299539170507, ""precision"": 0.3992740471869328, ""recall"": 0.41198501872659177}}",0.8321237406049922,0.16434749905979693,12,534,534,7977,1314,0
paddle_v5_server,theme@V00,light,0.02219157472417252,0.023194583751253762,0.020812437311935807,0.007575757575757576,0.15942028985507245,0.8689138576779026,0.8627450980392157,"{""0.3"": {""f1"": 0.9686924493554327, ""precision"": 0.9528985507246377, ""recall"": 0.9850187265917603}, ""0.5"": {""f1"": 0.7605893186003683, ""precision"": 0.7481884057971014, ""recall"": 0.7734082397003745}, ""0.7"": {""f1"": 0.44014732965009207, ""precision"": 0.4329710144927536, ""recall"": 0.44756554307116103}}",0.888107428215597,0.021188565697091273,12,540,534,7976,177,0
paddle_v5_server,variant,V00,0.09346204475647214,0.09433962264150944,0.0924590986021438,0.07730078563411896,0.22355072463768116,0.8230337078651685,0.8104575163398693,"{""0.3"": {""f1"": 0.9184707508060802, ""precision"": 0.9038984587488668, ""recall"": 0.9335205992509363}, ""0.5"": {""f1"": 0.7683095347766006, ""precision"": 0.7561196736174071, ""recall"": 0.7808988764044944}, ""0.7"": {""f1"": 0.42284661446338095, ""precision"": 0.4161378059836809, ""recall"": 0.4297752808988764}}",0.8601155844102945,0.0927725192753714,24,1074,1068,15953,1491,0
paddle_v5_server,variant,V02,0.03451083552549167,0.03626456219466366,0.03338343980959539,0.0063832772166105495,0.2539855072463768,0.8155430711610487,0.7745098039215687,"{""0.3"": {""f1"": 0.9346642468239564, ""precision"": 0.9066901408450704, ""recall"": 0.9644194756554307}, ""0.5"": {""f1"": 0.7377495462794919, ""precision"": 0.715669014084507, ""recall"": 0.7612359550561798}, ""0.7"": {""f1"": 0.39745916515426494, ""precision"": 0.3855633802816901, ""recall"": 0.4101123595505618}}",0.8383693223722921,0.03394713766754353,24,1059,1068,15966,551,0
paddle_v5_server,variant,V03,0.03274275339635635,0.034683528454266574,0.03080197833844613,0.0063832772166105495,0.24384057971014492,0.8146067415730337,0.7516339869281046,"{""0.3"": {""f1"": 0.9537037037037037, ""precision"": 0.9432234432234432, ""recall"": 0.9644194756554307}, ""0.5"": {""f1"": 0.7425925925925926, ""precision"": 0.7344322344322345, ""recall"": 0.7509363295880149}, ""0.7"": {""f1"": 0.37870370370370365, ""precision"": 0.37454212454212454, ""recall"": 0.38295880149812733}}",0.8287066534809203,0.032179302573092095,24,1052,1068,15973,523,0
paddle_v5_server,variant,V04,0.03281563126252505,0.03488226452905811,0.03031062124248497,0.00834736251402918,0.23731884057971014,0.8146067415730337,0.7663398692810458,"{""0.3"": {""f1"": 0.9708646616541353, ""precision"": 0.9745283018867924, ""recall"": 0.9672284644194756}, ""0.5"": {""f1"": 0.7415413533834587, ""precision"": 0.7443396226415094, ""recall"": 0.7387640449438202}, ""0.7"": {""f1"": 0.3712406015037595, ""precision"": 0.37264150943396224, ""recall"": 0.3698501872659176}}",0.8282655683943881,0.03231462925851703,24,1056,1068,15968,524,0
paddle_v5_server,variant,V05,0.03287619763291377,0.03556891477237147,0.030621829795228254,0.009820426487093154,0.23115942028985506,0.8146067415730337,0.7745098039215687,"{""0.3"": {""f1"": 0.9628584861307005, ""precision"": 0.9669499527856469, ""recall"": 0.9588014981273408}, ""0.5"": {""f1"": 0.7287259050305595, ""precision"": 0.7318224740321058, ""recall"": 0.7256554307116105}, ""0.7"": {""f1"": 0.35072872590503057, ""precision"": 0.352219074598678, ""recall"": 0.34925093632958804}}",0.8351631399571912,0.03231260567349239,24,1056,1068,15969,525,0
paddle_v5_server,variant,V06,0.10076450683042988,0.10157914525629778,0.0985712495300163,0.07807239057239057,0.2855072463768116,0.7790262172284644,0.7107843137254902,"{""0.3"": {""f1"": 0.9377080361388493, ""precision"": 0.9526570048309179, ""recall"": 0.9232209737827716}, ""0.5"": {""f1"": 0.7398953875416073, ""precision"": 0.7516908212560387, ""recall"": 0.7284644194756554}, ""0.7"": {""f1"": 0.39372325249643364, ""precision"": 0.4, ""recall"": 0.38764044943820225}}",0.797891834256352,0.1002005263817521,24,1067,1068,15958,1608,0
paddle_v5_server,variant,V07,0.03277353051760872,0.03440280736934453,0.03164556962025317,0.006313131313131313,0.2431159420289855,0.8249063670411985,0.8104575163398693,"{""0.3"": {""f1"": 0.9361510791366906, ""precision"": 0.9005190311418685, ""recall"": 0.9747191011235955}, ""0.5"": {""f1"": 0.7266187050359711, ""precision"": 0.698961937716263, ""recall"": 0.7565543071161048}, ""0.7"": {""f1"": 0.3866906474820143, ""precision"": 0.3719723183391003, ""recall"": 0.40262172284644193}}",0.8422381804388189,0.03202155658603835,24,1070,1068,15958,523,0
paddle_v5_server,variant,V08,0.036338575277238265,0.03790489317711923,0.03433368836539064,0.00813692480359147,0.2634057971014493,0.8146067415730337,0.7516339869281046,"{""0.3"": {""f1"": 0.9402173913043478, ""precision"": 0.9105263157894737, ""recall"": 0.9719101123595506}, ""0.5"": {""f1"": 0.7391304347826086, ""precision"": 0.7157894736842105, ""recall"": 0.7640449438202247}, ""0.7"": {""f1"": 0.3931159420289855, ""precision"": 0.38070175438596493, ""recall"": 0.40636704119850187}}",0.8114603337477245,0.03552408996930017,24,1068,1068,15961,580,0
paddle_v5_server,variant,V09,0.035264641403069216,0.03701847792045099,0.03332289383025368,0.007716049382716049,0.25615942028985506,0.8108614232209738,0.761437908496732,"{""0.3"": {""f1"": 0.9452554744525549, ""precision"": 0.9217081850533808, ""recall"": 0.9700374531835206}, ""0.5"": {""f1"": 0.7354014598540145, ""precision"": 0.7170818505338078, ""recall"": 0.7546816479400749}, ""0.7"": {""f1"": 0.3713503649635037, ""precision"": 0.3620996441281139, ""recall"": 0.38108614232209737}}",0.8186030184705286,0.03463827121829001,24,1061,1068,15965,563,0
paddle_v5_server,variant,V10,0.030149178889306755,0.03171618402908361,0.02902093518866742,0.006523569023569023,0.21557971014492755,0.8548689138576779,0.8431372549019608,"{""0.3"": {""f1"": 0.947653429602888, ""precision"": 0.9146341463414634, ""recall"": 0.9831460674157303}, ""0.5"": {""f1"": 0.7481949458483754, ""precision"": 0.7221254355400697, ""recall"": 0.7762172284644194}, ""0.7"": {""f1"": 0.39981949458483756, ""precision"": 0.3858885017421603, ""recall"": 0.4147940074906367}}",0.8684001542828157,0.02945969662780494,24,1073,1068,15954,481,0
paddle_v5_server,variant,V11,0.030842527582748244,0.032472417251755266,0.02958876629889669,0.006523569023569023,0.22318840579710145,0.8445692883895131,0.826797385620915,"{""0.3"": {""f1"": 0.94207453973956, ""precision"": 0.905090595340811, ""recall"": 0.9822097378277154}, ""0.5"": {""f1"": 0.740907049842838, ""precision"": 0.7118205349439172, ""recall"": 0.7724719101123596}, ""0.7"": {""f1"": 0.3969465648854962, ""precision"": 0.3813632441760138, ""recall"": 0.41385767790262173}}",0.8635442752414959,0.03009027081243731,24,1076,1068,15952,492,0
paddle_v5_server,variant,V12,0.08701917053000877,0.08990101491041223,0.08557824833980704,0.05864197530864197,0.3239130434782609,0.7537453183520599,0.7434640522875817,"{""0.3"": {""f1"": 0.9410099103350636, ""precision"": 0.9486203615604186, ""recall"": 0.9335205992509363}, ""0.5"": {""f1"": 0.7135441245870694, ""precision"": 0.7193149381541389, ""recall"": 0.7078651685393258}, ""0.7"": {""f1"": 0.33411986786219916, ""precision"": 0.3368220742150333, ""recall"": 0.33146067415730335}}",0.8011874139427078,0.08601678987595539,24,1071,1068,15962,1389,0
paddle_v5_server,variant,V13,0.11696931747025673,0.1221665623043206,0.11289918597370069,0.08824354657687991,0.3938405797101449,0.6657303370786517,0.619281045751634,"{""0.3"": {""f1"": 0.9240384615384616, ""precision"": 0.9496047430830039, ""recall"": 0.899812734082397}, ""0.5"": {""f1"": 0.6807692307692307, ""precision"": 0.6996047430830039, ""recall"": 0.6629213483146067}, ""0.7"": {""f1"": 0.2673076923076923, ""precision"": 0.274703557312253, ""recall"": 0.2602996254681648}}",0.7256027376078494,0.11615529117094553,24,1060,1068,15970,1868,0
tesseract5,dpr@V00,desktop:1,0.16842661034846884,0.16921858500527984,0.16552270327349525,0.1667650531286895,0.3825396825396825,0.376,0.47368421052631576,"{""0.3"": {""f1"": 0.7935034802784223, ""precision"": 0.9447513812154696, ""recall"": 0.684}, ""0.5"": {""f1"": 0.6589327146171693, ""precision"": 0.7845303867403315, ""recall"": 0.568}, ""0.7"": {""f1"": 0.617169373549884, ""precision"": 0.7348066298342542, ""recall"": 0.532}}",0.6964849052068834,0.1671066525871172,4,231,250,3788,638,0
tesseract5,dpr@V00,desktop:1.5,0.0881126173096976,0.0883733055265902,0.08785192909280501,0.0808736717827627,0.20952380952380953,0.584,0.75,"{""0.3"": {""f1"": 0.7358490566037736, ""precision"": 0.896551724137931, ""recall"": 0.624}, ""0.5"": {""f1"": 0.6745283018867924, ""precision"": 0.8218390804597702, ""recall"": 0.572}, ""0.7"": {""f1"": 0.6367924528301886, ""precision"": 0.7758620689655172, ""recall"": 0.54}}",0.8776886782116649,0.0881126173096976,4,182,250,3836,338,0
tesseract5,dpr@V00,desktop:2,0.11014948859166011,0.11041174927878311,0.11014948859166011,0.10035419126328217,0.23174603174603176,0.608,0.7039473684210527,"{""0.3"": {""f1"": 0.7173396674584324, ""precision"": 0.8830409356725146, ""recall"": 0.604}, ""0.5"": {""f1"": 0.669833729216152, ""precision"": 0.8245614035087719, ""recall"": 0.564}, ""0.7"": {""f1"": 0.6318289786223279, ""precision"": 0.7777777777777778, ""recall"": 0.532}}",0.8911421167394625,0.10910044584316811,4,207,250,3813,420,0
tesseract5,dpr@V00,mobile:1,0.22512755102040816,0.22512755102040816,0.22448979591836735,0.21041055718475074,0.3758620689655172,0.44339622641509435,0.5192307692307693,"{""0.3"": {""f1"": 0.5714285714285714, ""precision"": 0.7246376811594203, ""recall"": 0.4716981132075472}, ""0.5"": {""f1"": 0.48, ""precision"": 0.6086956521739131, ""recall"": 0.39622641509433965}, ""0.7"": {""f1"": 0.48, ""precision"": 0.6086956521739131, ""recall"": 0.39622641509433965}}",0.7425126833061769,0.22512755102040816,4,86,106,1568,353,0
tesseract5,dpr@V00,mobile:2,0.13885350318471337,0.13885350318471337,0.13885350318471337,0.12976539589442815,0.21724137931034482,0.7264150943396226,0.8653846153846154,"{""0.3"": {""f1"": 0.6229508196721312, ""precision"": 0.7402597402597403, ""recall"": 0.5377358490566038}, ""0.5"": {""f1"": 0.6229508196721312, ""precision"": 0.7402597402597403, ""recall"": 0.5377358490566038}, ""0.7"": {""f1"": 0.6229508196721312, ""precision"": 0.7402597402597403, ""recall"": 0.5377358490566038}}",0.874599633495339,0.13885350318471337,4,86,106,1570,218,0
tesseract5,dpr@V00,mobile:3,0.13740458015267176,0.13740458015267176,0.13740458015267176,0.13269794721407624,0.18620689655172415,0.7452830188679245,0.9615384615384616,"{""0.3"": {""f1"": 0.5856353591160222, ""precision"": 0.7066666666666667, ""recall"": 0.5}, ""0.5"": {""f1"": 0.5856353591160222, ""precision"": 0.7066666666666667, ""recall"": 0.5}, ""0.7"": {""f1"": 0.5856353591160222, ""precision"": 0.7066666666666667, ""recall"": 0.5}}",0.8921556941133321,0.13740458015267176,4,84,106,1572,216,0
tesseract5,theme@V00,dark,0.16199801685671789,0.16236985622211206,0.16088249876053545,0.15558361391694725,0.2920289855072464,0.5355805243445693,0.6470588235294118,"{""0.3"": {""f1"": 0.7044444444444444, ""precision"": 0.8661202185792349, ""recall"": 0.5936329588014981}, ""0.5"": {""f1"": 0.6333333333333333, ""precision"": 0.7786885245901639, ""recall"": 0.5337078651685393}, ""0.7"": {""f1"": 0.6, ""precision"": 0.7377049180327869, ""recall"": 0.5056179775280899}}",0.8050886516371473,0.16175012394645513,12,443,534,8068,1307,0
tesseract5,theme@V00,light,0.1084292610471593,0.10867681643767793,0.10793415026612205,0.10030864197530864,0.24782608695652175,0.5786516853932584,0.7091503267973857,"{""0.3"": {""f1"": 0.7016393442622951, ""precision"": 0.84251968503937, ""recall"": 0.601123595505618}, ""0.5"": {""f1"": 0.6404371584699453, ""precision"": 0.7690288713910761, ""recall"": 0.548689138576779}, ""0.7"": {""f1"": 0.6185792349726776, ""precision"": 0.7427821522309711, ""recall"": 0.5299625468164794}}",0.8531059187204724,0.1075628171803441,12,433,534,8079,876,0
tesseract5,variant,V00,0.13519539233294112,0.13550504737722177,0.13439028921781135,0.12794612794612795,0.26992753623188404,0.5571161048689138,0.6781045751633987,"{""0.3"": {""f1"": 0.703030303030303, ""precision"": 0.8540829986613119, ""recall"": 0.5973782771535581}, ""0.5"": {""f1"": 0.6369146005509642, ""precision"": 0.7737617135207496, ""recall"": 0.5411985018726592}, ""0.7"": {""f1"": 0.609366391184573, ""precision"": 0.7402945113788487, ""recall"": 0.5177902621722846}}",0.8290972851788098,0.1346380132532359,24,876,1068,16147,2183,0
tesseract5,variant,V02,0.11946109634756813,0.11964649898028552,0.11878128669427106,0.11258417508417508,0.26521739130434785,0.5430711610486891,0.6601307189542484,"{""0.3"": {""f1"": 0.6441821247892074, ""precision"": 0.8059071729957806, ""recall"": 0.5365168539325843}, ""0.5"": {""f1"": 0.599213041034289, ""precision"": 0.749648382559775, ""recall"": 0.499063670411985}, ""0.7"": {""f1"": 0.5587408656548624, ""precision"": 0.69901547116737, ""recall"": 0.4653558052434457}}",0.8331133745202536,0.11909029108213337,24,841,1068,16181,1933,0
tesseract5,variant,V03,0.11919017344608357,0.11943707178569224,0.11851120301215974,0.11167227833894501,0.26304347826086955,0.5393258426966292,0.6601307189542484,"{""0.3"": {""f1"": 0.6399095534200112, ""precision"": 0.8074179743223966, ""recall"": 0.5299625468164794}, ""0.5"": {""f1"": 0.5969474279253816, ""precision"": 0.7532097004279601, ""recall"": 0.4943820224719101}, ""0.7"": {""f1"": 0.5630299604296212, ""precision"": 0.7104136947218259, ""recall"": 0.46629213483146065}}",0.8320046964770479,0.11881982593667058,24,822,1068,16201,1931,0
tesseract5,variant,V04,0.1374116200430372,0.13771902858899476,0.13673532124193052,0.13047138047138046,0.2865942028985507,0.46722846441947563,0.6258169934640523,"{""0.3"": {""f1"": 0.5230582524271844, ""precision"": 0.743103448275862, ""recall"": 0.4035580524344569}, ""0.5"": {""f1"": 0.4830097087378641, ""precision"": 0.6862068965517242, ""recall"": 0.37265917602996257}, ""0.7"": {""f1"": 0.4635922330097087, ""precision"": 0.6586206896551724, ""recall"": 0.35767790262172283}}",0.8226113615153413,0.13685828466031355,24,758,1068,16265,2235,0
tesseract5,variant,V05,0.1287085785072778,0.1292040879529266,0.12746980489315576,0.12107182940516274,0.27608695652173915,0.552434456928839,0.619281045751634,"{""0.3"": {""f1"": 0.6907675194660734, ""precision"": 0.8506849315068493, ""recall"": 0.5814606741573034}, ""0.5"": {""f1"": 0.6351501668520579, ""precision"": 0.7821917808219178, ""recall"": 0.5346441947565543}, ""0.7"": {""f1"": 0.6106785317018909, ""precision"": 0.7520547945205479, ""recall"": 0.5140449438202247}}",0.8245140972553853,0.1283369464230412,24,877,1068,16145,2078,0
tesseract5,variant,V06,0.12865823412698413,0.12878224206349206,0.1277281746031746,0.12149270482603816,0.27644927536231884,0.5543071161048689,0.6339869281045751,"{""0.3"": {""f1"": 0.6879823594266814, ""precision"": 0.8364611260053619, ""recall"": 0.5842696629213483}, ""0.5"": {""f1"": 0.6218302094818081, ""precision"": 0.7560321715817694, ""recall"": 0.5280898876404494}, ""0.7"": {""f1"": 0.597574421168688, ""precision"": 0.7265415549597856, ""recall"": 0.5074906367041199}}",0.8237764912583199,0.1277281746031746,24,899,1068,16128,2075,0
tesseract5,variant,V07,0.11886129767699796,0.1192310062234272,0.11824511676628258,0.11160213243546577,0.2594202898550725,0.5224719101123596,0.6781045751633987,"{""0.3"": {""f1"": 0.6097421203438396, ""precision"": 0.7858197932053176, ""recall"": 0.49812734082397003}, ""0.5"": {""f1"": 0.5581661891117479, ""precision"": 0.7193500738552437, ""recall"": 0.4559925093632959}, ""0.7"": {""f1"": 0.5134670487106018, ""precision"": 0.6617429837518464, ""recall"": 0.41947565543071164}}",0.836485837884358,0.11849158913056873,24,793,1068,16229,1929,0
tesseract5,variant,V08,0.11760719566288812,0.11791522917693445,0.11662148841793987,0.1111111111111111,0.2597826086956522,0.5149812734082397,0.6617647058823529,"{""0.3"": {""f1"": 0.6098964326812427, ""precision"": 0.7910447761194029, ""recall"": 0.49625468164794007}, ""0.5"": {""f1"": 0.5500575373993095, ""precision"": 0.7134328358208956, ""recall"": 0.44756554307116103}, ""0.7"": {""f1"": 0.5120828538550057, ""precision"": 0.664179104477612, ""recall"": 0.4166666666666667}}",0.8358010318953492,0.11736076885165106,24,790,1068,16232,1909,0
tesseract5,variant,V09,0.12370625924100542,0.12389107934943322,0.12309019221291277,0.11728395061728394,0.26992753623188404,0.4868913857677903,0.6470588235294118,"{""0.3"": {""f1"": 0.5809468147282291, ""precision"": 0.7729393468118196, ""recall"": 0.4653558052434457}, ""0.5"": {""f1"": 0.5295149035651666, ""precision"": 0.7045101088646968, ""recall"": 0.4241573033707865}, ""0.7"": {""f1"": 0.5061367621274109, ""precision"": 0.6734059097978227, ""recall"": 0.4054307116104869}}",0.834450689869144,0.1232134056185313,24,793,1068,16232,2008,0
tesseract5,variant,V10,0.12349416198183728,0.12386482980169272,0.12293816025205412,0.11616161616161616,0.26557971014492754,0.5449438202247191,0.6601307189542484,"{""0.3"": {""f1"": 0.6413597733711047, ""precision"": 0.812051649928264, ""recall"": 0.5299625468164794}, ""0.5"": {""f1"": 0.5937677053824363, ""precision"": 0.7517934002869441, ""recall"": 0.49063670411985016}, ""0.7"": {""f1"": 0.5620396600566572, ""precision"": 0.7116212338593975, ""recall"": 0.46441947565543074}}",0.8329822288967779,0.12324705010193365,24,835,1068,16187,1999,0
tesseract5,variant,V11,0.12523941921532283,0.12542477602718566,0.12412727834414582,0.11889730639730639,0.27210144927536234,0.5121722846441947,0.6290849673202614,"{""0.3"": {""f1"": 0.6244968372627946, ""precision"": 0.8092399403874814, ""recall"": 0.5084269662921348}, ""0.5"": {""f1"": 0.5704427832087406, ""precision"": 0.7391952309985097, ""recall"": 0.46441947565543074}, ""0.7"": {""f1"": 0.5405405405405406, ""precision"": 0.7004470938897168, ""recall"": 0.4400749063670412}}",0.8304621669383376,0.12511584800741427,24,836,1068,16185,2027,0
tesseract5,variant,V12,0.43308158969914573,0.4337006314225579,0.4300482852544261,0.43392255892255893,0.6083333333333333,0.23595505617977527,0.27941176470588236,"{""0.3"": {""f1"": 0.48922686945500643, ""precision"": 0.7568627450980392, ""recall"": 0.36142322097378277}, ""0.5"": {""f1"": 0.41318124207858054, ""precision"": 0.6392156862745098, ""recall"": 0.3052434456928839}, ""0.7"": {""f1"": 0.38403041825095063, ""precision"": 0.5941176470588235, ""recall"": 0.28370786516853935}}",0.5014773590193192,0.432586356320416,24,871,1068,16154,6996,0
tesseract5,variant,V13,0.4463909867525071,0.4471338368206017,0.44255292806735175,0.44465488215488214,0.6257246376811594,0.24625468164794007,0.28104575163398693,"{""0.3"": {""f1"": 0.49367088607594933, ""precision"": 0.76171875, ""recall"": 0.3651685393258427}, ""0.5"": {""f1"": 0.41012658227848103, ""precision"": 0.6328125, ""recall"": 0.30337078651685395}, ""0.7"": {""f1"": 0.379746835443038, ""precision"": 0.5859375, ""recall"": 0.2808988764044944}}",0.4980336488461547,0.44614337006314225,24,871,1068,16154,7211,0
windows_ocr,dpr@V00,desktop:1,0.16127320954907162,0.16127320954907162,0.15994694960212202,0.1537780401416765,0.37777777777777777,0.408,0.40789473684210525,"{""0.3"": {""f1"": 0.8117913832199547, ""precision"": 0.93717277486911, ""recall"": 0.716}, ""0.5"": {""f1"": 0.7936507936507936, ""precision"": 0.9162303664921466, ""recall"": 0.7}, ""0.7"": {""f1"": 0.7528344671201814, ""precision"": 0.8691099476439791, ""recall"": 0.664}}",0.7374914445496911,0.1610079575596817,4,249,250,3770,608,0
windows_ocr,dpr@V00,desktop:1.5,0.07351380042462845,0.07351380042462845,0.06979830148619957,0.0525383707201889,0.29365079365079366,0.7,0.8881578947368421,"{""0.3"": {""f1"": 0.9307692307692307, ""precision"": 0.8962962962962963, ""recall"": 0.968}, ""0.5"": {""f1"": 0.9192307692307692, ""precision"": 0.8851851851851852, ""recall"": 0.956}, ""0.7"": {""f1"": 0.9038461538461539, ""precision"": 0.8703703703703703, ""recall"": 0.94}}",0.8162331358541435,0.0727176220806794,4,253,250,3768,277,0
windows_ocr,dpr@V00,desktop:2,0.06263269639065817,0.06263269639065817,0.061040339702760085,0.04073199527744982,0.29365079365079366,0.692,0.7960526315789473,"{""0.3"": {""f1"": 0.9254302103250478, ""precision"": 0.8864468864468864, ""recall"": 0.968}, ""0.5"": {""f1"": 0.9101338432122371, ""precision"": 0.8717948717948718, ""recall"": 0.952}, ""0.7"": {""f1"": 0.8833652007648184, ""precision"": 0.8461538461538461, ""recall"": 0.924}}",0.8058051884851951,0.06157112526539278,4,254,250,3768,236,0
windows_ocr,dpr@V00,mobile:1,0.06912144702842377,0.06912144702842377,0.0665374677002584,0.07038123167155426,0.1482758620689655,0.7547169811320755,0.8269230769230769,"{""0.3"": {""f1"": 0.9560975609756097, ""precision"": 0.98989898989899, ""recall"": 0.9245283018867925}, ""0.5"": {""f1"": 0.926829268292683, ""precision"": 0.9595959595959596, ""recall"": 0.8962264150943396}, ""0.7"": {""f1"": 0.9170731707317074, ""precision"": 0.9494949494949495, ""recall"": 0.8867924528301887}}",0.8899436156799412,0.06912144702842377,4,106,106,1548,107,0
windows_ocr,dpr@V00,mobile:2,0.018733850129198967,0.018733850129198967,0.01744186046511628,0.017595307917888565,0.05172413793103448,0.8867924528301887,0.9038461538461539,"{""0.3"": {""f1"": 0.985645933014354, ""precision"": 1.0, ""recall"": 0.9716981132075472}, ""0.5"": {""f1"": 0.985645933014354, ""precision"": 1.0, ""recall"": 0.9716981132075472}, ""0.7"": {""f1"": 0.985645933014354, ""precision"": 1.0, ""recall"": 0.9716981132075472}}",0.9615744086332322,0.018733850129198967,4,106,106,1548,29,0
windows_ocr,dpr@V00,mobile:3,0.02131782945736434,0.02131782945736434,0.020025839793281652,0.019794721407624633,0.06551724137931035,0.8679245283018868,0.8653846153846154,"{""0.3"": {""f1"": 0.9811320754716981, ""precision"": 0.9811320754716981, ""recall"": 0.9811320754716981}, ""0.5"": {""f1"": 0.9811320754716981, ""precision"": 0.9811320754716981, ""recall"": 0.9811320754716981}, ""0.7"": {""f1"": 0.9811320754716981, ""precision"": 0.9811320754716981, ""recall"": 0.9811320754716981}}",0.9515346069527091,0.020025839793281652,4,108,106,1548,33,0
windows_ocr,theme@V00,dark,0.0877742946708464,0.0877742946708464,0.0857680250783699,0.07730078563411896,0.2543478260869565,0.6610486891385767,0.7287581699346405,"{""0.3"": {""f1"": 0.9123809523809524, ""precision"": 0.9282945736434108, ""recall"": 0.897003745318352}, ""0.5"": {""f1"": 0.899047619047619, ""precision"": 0.9147286821705426, ""recall"": 0.8838951310861424}, ""0.7"": {""f1"": 0.8838095238095238, ""precision"": 0.8992248062015504, ""recall"": 0.8689138576779026}}",0.8554370885122706,0.08702194357366771,12,539,534,7975,700,0
windows_ocr,theme@V00,light,0.07398119122257053,0.07398119122257053,0.07184952978056426,0.06074635241301908,0.24202898550724639,0.6797752808988764,0.7516339869281046,"{""0.3"": {""f1"": 0.9226415094339623, ""precision"": 0.9296577946768061, ""recall"": 0.9157303370786517}, ""0.5"": {""f1"": 0.909433962264151, ""precision"": 0.9163498098859315, ""recall"": 0.9026217228464419}, ""0.7"": {""f1"": 0.8849056603773585, ""precision"": 0.8916349809885932, ""recall"": 0.8782771535580525}}",0.8654237115393667,0.0734796238244514,12,537,534,7975,590,0
windows_ocr,variant,V00,0.08087774294670846,0.08087774294670846,0.07880877742946708,0.06902356902356903,0.24818840579710144,0.6704119850187266,0.7401960784313726,"{""0.3"": {""f1"": 0.9175355450236967, ""precision"": 0.9289827255278311, ""recall"": 0.9063670411985019}, ""0.5"": {""f1"": 0.9042654028436019, ""precision"": 0.9155470249520153, ""recall"": 0.8932584269662921}, ""0.7"": {""f1"": 0.8843601895734596, ""precision"": 0.8953934740882917, ""recall"": 0.8735955056179775}}",0.8604304000258187,0.08025078369905957,24,1076,1068,15950,1290,0
windows_ocr,variant,V02,0.08031347962382446,0.08031347962382446,0.07786833855799373,0.0680415263748597,0.2514492753623188,0.6666666666666666,0.738562091503268,"{""0.3"": {""f1"": 0.9170222854433381, ""precision"": 0.9289145052833814, ""recall"": 0.9054307116104869}, ""0.5"": {""f1"": 0.9046941678520626, ""precision"": 0.9164265129682997, ""recall"": 0.8932584269662921}, ""0.7"": {""f1"": 0.8847795163584636, ""precision"": 0.8962536023054755, ""recall"": 0.8735955056179775}}",0.8577141840969945,0.07968652037617555,24,1076,1068,15950,1281,0
windows_ocr,variant,V03,0.08288401253918495,0.08288401253918495,0.0806269592476489,0.0707070707070707,0.2568840579710145,0.653558052434457,0.7254901960784313,"{""0.3"": {""f1"": 0.9132290184921764, ""precision"": 0.9250720461095101, ""recall"": 0.901685393258427}, ""0.5"": {""f1"": 0.8999525841631105, ""precision"": 0.9116234390009607, ""recall"": 0.8885767790262172}, ""0.7"": {""f1"": 0.8781412991939309, ""precision"": 0.8895292987512008, ""recall"": 0.8670411985018727}}",0.8526354176046884,0.08213166144200627,24,1077,1068,15950,1322,0
windows_ocr,variant,V04,0.08301460906639915,0.08301460906639915,0.08100821368110854,0.070496632996633,0.2539855072463768,0.6694756554307116,0.7467320261437909,"{""0.3"": {""f1"": 0.9246088193456615, ""precision"": 0.9365994236311239, ""recall"": 0.9129213483146067}, ""0.5"": {""f1"": 0.9132290184921764, ""precision"": 0.9250720461095101, ""recall"": 0.901685393258427}, ""0.7"": {""f1"": 0.8857278330962542, ""precision"": 0.8972142170989433, ""recall"": 0.8745318352059925}}",0.8551151195336067,0.08257571007586682,24,1074,1068,15949,1324,0
windows_ocr,variant,V05,0.08990031972917059,0.08990031972917059,0.0875180239483418,0.07877384960718294,0.24855072463768116,0.6657303370786517,0.7467320261437909,"{""0.3"": {""f1"": 0.9250596658711218, ""precision"": 0.943524829600779, ""recall"": 0.9073033707865169}, ""0.5"": {""f1"": 0.9097852028639618, ""precision"": 0.9279454722492697, ""recall"": 0.8923220973782772}, ""0.7"": {""f1"": 0.8897374701670644, ""precision"": 0.9074975657254138, ""recall"": 0.8726591760299626}}",0.8550476388445652,0.0895868597580089,24,1070,1068,15951,1434,0
windows_ocr,variant,V06,0.0819435736677116,0.0819435736677116,0.07987460815047022,0.07014590347923681,0.25,0.6601123595505618,0.7320261437908496,"{""0.3"": {""f1"": 0.9179706021811285, ""precision"": 0.9298751200768491, ""recall"": 0.9063670411985019}, ""0.5"": {""f1"": 0.9065908013276434, ""precision"": 0.9183477425552353, ""recall"": 0.8951310861423221}, ""0.7"": {""f1"": 0.8885727833096253, ""precision"": 0.9000960614793467, ""recall"": 0.8773408239700374}}",0.8580928736282584,0.08119122257053292,24,1077,1068,15950,1307,0
windows_ocr,variant,V07,0.08006269592476489,0.08006269592476489,0.07768025078369906,0.06726992143658811,0.25507246376811593,0.6647940074906367,0.7369281045751634,"{""0.3"": {""f1"": 0.9184834123222749, ""precision"": 0.9299424184261037, ""recall"": 0.9073033707865169}, ""0.5"": {""f1"": 0.9080568720379146, ""precision"": 0.9193857965451055, ""recall"": 0.897003745318352}, ""0.7"": {""f1"": 0.8890995260663507, ""precision"": 0.9001919385796545, ""recall"": 0.8782771535580525}}",0.8551161224359268,0.07962382445141065,24,1073,1068,15950,1277,0
windows_ocr,variant,V08,0.08664576802507837,0.08664576802507837,0.0845141065830721,0.0750561167227834,0.252536231884058,0.6619850187265918,0.7450980392156863,"{""0.3"": {""f1"": 0.9131466540104415, ""precision"": 0.9258902791145333, ""recall"": 0.900749063670412}, ""0.5"": {""f1"": 0.8989084005695301, ""precision"": 0.9114533205004812, ""recall"": 0.8867041198501873}, ""0.7"": {""f1"": 0.8808732795443759, ""precision"": 0.8931665062560153, ""recall"": 0.8689138576779026}}",0.8562058534588304,0.08614420062695925,24,1075,1068,15950,1382,0
windows_ocr,variant,V09,0.0871473354231975,0.0871473354231975,0.08501567398119123,0.0747053872053872,0.25833333333333336,0.6638576779026217,0.7320261437908496,"{""0.3"": {""f1"": 0.9200189304306673, ""precision"": 0.9301435406698565, ""recall"": 0.9101123595505618}, ""0.5"": {""f1"": 0.9039280643634643, ""precision"": 0.9138755980861244, ""recall"": 0.8941947565543071}, ""0.7"": {""f1"": 0.8840511121628019, ""precision"": 0.8937799043062201, ""recall"": 0.8745318352059925}}",0.8521733687570179,0.08658307210031348,24,1075,1068,15950,1390,0
windows_ocr,variant,V10,0.08056426332288401,0.08056426332288401,0.07830721003134797,0.06818181818181818,0.2543478260869565,0.6638576779026217,0.7352941176470589,"{""0.3"": {""f1"": 0.9179706021811285, ""precision"": 0.9298751200768491, ""recall"": 0.9063670411985019}, ""0.5"": {""f1"": 0.9065908013276434, ""precision"": 0.9183477425552353, ""recall"": 0.8951310861423221}, ""0.7"": {""f1"": 0.8885727833096253, ""precision"": 0.9000960614793467, ""recall"": 0.8773408239700374}}",0.8582028231211076,0.07987460815047022,24,1076,1068,15950,1285,0
windows_ocr,variant,V11,0.08231974921630095,0.08231974921630095,0.08006269592476489,0.07091750841750842,0.2463768115942029,0.6601123595505618,0.7271241830065359,"{""0.3"": {""f1"": 0.9144486692015209, ""precision"": 0.9285714285714286, ""recall"": 0.900749063670412}, ""0.5"": {""f1"": 0.903041825095057, ""precision"": 0.916988416988417, ""recall"": 0.8895131086142322}, ""0.7"": {""f1"": 0.8830798479087453, ""precision"": 0.8967181467181468, ""recall"": 0.8698501872659176}}",0.8594642436223608,0.08181818181818182,24,1074,1068,15950,1313,0
windows_ocr,variant,V12,0.46565555277011783,0.46565555277011783,0.46346202055653046,0.4634539842873176,0.5815217391304348,0.31835205992509363,0.315359477124183,"{""0.3"": {""f1"": 0.6585514303104077, ""precision"": 0.9408695652173913, ""recall"": 0.5065543071161048}, ""0.5"": {""f1"": 0.6402921485088253, ""precision"": 0.9147826086956522, ""recall"": 0.49250936329588013}, ""0.7"": {""f1"": 0.6086427267194157, ""precision"": 0.8695652173913043, ""recall"": 0.4681647940074906}}",0.5213019284592576,0.4655302080721985,24,1063,1068,15956,7430,0
windows_ocr,variant,V13,0.4815697091273822,0.4815697091273822,0.47818455366098295,0.4792368125701459,0.5927536231884057,0.3155430711610487,0.315359477124183,"{""0.3"": {""f1"": 0.6568083795440542, ""precision"": 0.9603603603603603, ""recall"": 0.499063670411985}, ""0.5"": {""f1"": 0.6420209488601356, ""precision"": 0.9387387387387387, ""recall"": 0.48782771535580527}, ""0.7"": {""f1"": 0.6112138016019717, ""precision"": 0.8936936936936937, ""recall"": 0.46441947565543074}}",0.5120779244614782,0.48150702106318954,24,1065,1068,15952,7682,0
